RT,Taste,Category
0.429414700018242,left,famous
0.563354699988849,right,unfamous
0.583464600029401,left,famous
0.580854999949224,left,famous
0.350628499989398,left,famous
